{"cameraMode":{"drawMode":0,"name":"Shaded","section":"Shading Mode"},"sceneLighting":true,"audioPlay":false,"sceneViewState":{"showFog":true,"showMaterialUpdate":false,"showSkybox":true,"showFlares":true,"showImageEffects":true,"showParticleSystems":true},"in2DMode":false,"pivot":{"x":408.53875732421877,"y":105.7175064086914,"z":-20.847900390625},"rotation":{"x":0.011689276434481144,"y":0.012595963664352894,"z":0.00014699182065669447,"w":-0.9998536109924316},"size":563.2260131835938,"orthographic":false}